applicant_id,name,age,credit_score,claims_history,risk_score,status
16998902,Michael Hill,84,779,0,0,Valid
95051804,Monique Miller,72,540,0,30,Valid
14150912,Katelyn Anderson,63,735,1,20,Valid
80505476,Scott Wood,87,821,1,20,Valid
68532148,Jose Harper,25,651,1,20,Valid
81910191,Nina Collins,39,307,0,30,Valid
76094822,Gary Hamilton,37,434,0,30,Valid
90046807,Daniel Little,34,373,0,30,Valid
74906653,David Beltran,47,609,0,0,Valid
49683367,Juan Blackburn,54,430,0,30,Valid
75677098,Stacey Grant,87,848,2,40,Valid
64425516,Michael Miller,89,587,1,50,Valid
15307560,Charles Clarke,89,769,1,20,Valid
39534172,Cindy Cantu,80,409,0,30,Valid
83013611,Krystal Castillo,25,332,3,90,Valid
47044103,Michelle Herman,27,815,0,0,Valid
75244041,Randy Rodriguez,57,352,0,30,Valid
19209111,Alex Smith,34,844,0,0,Valid
3718026,John Baxter,56,666,1,20,Valid
78538247,Gabriel Gibbs,63,327,1,50,Valid
96438804,Kimberly Baker,59,376,0,30,Valid
40304707,Kristen Rodgers,34,739,0,0,Valid
74596981,Debra Burke,22,575,2,90,Valid
6579026,John Sharp,37,321,0,30,Valid
93989255,Mrs. Erica Davidson,45,701,0,0,Valid
48283808,Jaclyn Garcia,42,698,0,0,Valid
32198491,Brian Brown,35,651,1,20,Valid
78858282,Cassandra Hull MD,64,787,0,0,Valid
6433780,Michael Osborne,61,611,0,0,Valid
73778997,Dylan Morris MD,33,382,1,50,Valid
40652155,Becky Warner,51,765,0,0,Valid
94778157,Dennis Richardson,25,757,1,20,Valid
47286178,Jordan Martin,24,438,0,50,Valid
71026060,Thomas Cannon,20,706,1,40,Valid
95741864,Kathleen Wright,87,739,0,0,Valid
19293920,Breanna Fernandez,63,652,0,0,Valid
5064505,Paul Arias,50,374,0,30,Valid
27899848,Kayla Lee,37,723,0,0,Valid
19012572,Rebecca Bailey,66,338,0,30,Valid
62385190,James Jones,43,828,0,0,Valid
81242859,Hunter Kelly,60,552,0,30,Valid
26415314,Francisco Wiggins,86,819,0,0,Valid
50020439,Corey Sampson,20,739,0,20,Valid
62421380,Melissa Wilson,44,809,0,0,Valid
32713171,Paula Maddox,75,827,0,0,Valid
99342523,Charles Wong,59,717,0,0,Valid
95221499,Tammy Lutz,38,568,0,30,Valid
80084708,Roberto Patel,54,847,0,0,Valid
20100767,Rebecca Bond,31,431,0,30,Valid
64264213,Rose Knight,32,814,1,20,Valid
89174345,Mrs. Michelle Holmes,35,582,0,30,Valid
89159280,Nicholas Harrison,33,432,0,30,Valid
28055396,Tyler Jones,64,394,0,30,Valid
31240207,Tamara Webb,58,423,0,30,Valid
43613377,Scott Brennan,72,630,0,0,Valid
30514442,Harold Jackson,42,300,1,50,Valid
2554678,Alyssa Martin,64,737,3,60,Valid
41724228,Adam Whitney,67,337,0,30,Valid
65670146,Alan Alexander,54,515,1,50,Valid
36201026,Andrew Graham,18,631,0,20,Valid
40303354,Brittany Thornton,40,545,2,70,Valid
63128187,Michelle Wheeler,59,756,0,0,Valid
5861164,Debbie Brewer,45,726,1,20,Valid
27617122,Miss Lindsey Ortiz MD,44,742,0,0,Valid
82098629,Lisa Phillips,30,845,0,0,Valid
7281412,Brad Martin,39,550,0,30,Valid
60082229,Samuel Dawson,32,440,2,70,Valid
45966648,Wanda White,89,545,0,30,Valid
56698305,Erin Davis,63,429,0,30,Valid
49207275,Timothy Morris,68,845,0,0,Valid
85591775,Anna Harris,20,580,0,50,Valid
48354683,Patrick Johnson,42,468,0,30,Valid
35818474,Brian Good,32,725,0,0,Valid
20580124,Robin Vargas,43,632,0,0,Valid
98863159,Shannon Thompson,73,696,0,0,Valid
20592482,Max Williams,23,450,0,50,Valid
55715689,Michael Wood,45,534,0,30,Valid
97731238,Elizabeth Clark,46,355,0,30,Valid
49976719,Jaclyn Arnold,56,678,1,20,Valid
61104470,Christopher Brown,46,352,0,30,Valid
77745030,Marcus Neal,29,436,0,30,Valid
99701352,Dr. Amy Kaufman,28,647,0,0,Valid
14357374,Theresa Wong,39,439,3,90,Valid
84527162,Mr. Thomas Norman,89,384,0,30,Valid
29022655,Jill Edwards,33,431,0,30,Valid
16437159,Daniel Diaz Jr.,25,459,0,30,Valid
99025211,Chad Lee,27,451,0,30,Valid
16813220,Donald Hamilton,24,802,0,20,Valid
75501942,John Gutierrez,83,651,0,0,Valid
93463583,Dr. Cody Kennedy,53,439,0,30,Valid
31119883,Joe Herrera,49,719,1,20,Valid
60989973,Evan Combs,23,468,2,90,Valid
87178141,Cassandra Summers,33,725,0,0,Valid
28091716,Ryan Smith,84,368,0,30,Valid
19088629,Leroy Stevens,40,848,1,20,Valid
23488877,Christina Williams,66,386,0,30,Valid
44242880,Cameron Woods,55,667,1,20,Valid
975582,Sarah Turner,37,398,0,30,Valid
35512999,Whitney Dean,78,828,0,0,Valid
15370545,Daniel Lawrence,81,493,0,30,Valid
33485612,Deborah Wilson,89,514,0,30,Valid
89418735,Mary Crawford,70,564,3,90,Valid
81087131,Mr. Charles Williams,60,609,0,0,Valid
16199524,Ana Wells,25,650,0,0,Valid
95302321,Jenna Wilson,43,306,0,30,Valid
78632800,Barbara Caldwell,22,379,1,70,Valid
14052603,David Zhang,66,743,0,0,Valid
12067596,Stephanie Phillips,88,789,0,0,Valid
2764190,Madison Jones,61,399,1,50,Valid
79561008,Austin Guerrero,80,805,0,0,Valid
24360186,Charlene Melton,86,523,2,70,Valid
38550666,Robert Stevens,27,610,0,0,Valid
52666538,Jonathan Smith,80,678,0,0,Valid
69459967,Joshua Robinson,77,706,0,0,Valid
49521378,Wendy Henry,44,626,0,0,Valid
4986342,Natasha Pearson,63,543,0,30,Valid
53462257,Daniel Carrillo,30,612,0,0,Valid
68850063,Stacey Acosta,73,449,0,30,Valid
20404165,Carl Mcgee,30,844,1,20,Valid
16094925,Emily Cordova,85,559,3,90,Valid
39339623,Dylan Welch,28,732,0,0,Valid
55959183,Joseph Williams,22,479,0,50,Valid
95368300,Eric Cook,64,381,3,90,Valid
48700138,Marcia Marshall,43,380,0,30,Valid
70648470,Jacqueline Hicks,65,416,0,30,Valid
81199883,Carl Ali,36,790,3,60,Valid
96248060,Eric Coleman,37,793,1,20,Valid
75601317,Bryan Hansen,81,589,0,30,Valid
72148981,Misty Williams,64,766,0,0,Valid
56802416,Catherine Barrett,48,813,1,20,Valid
1127790,Steven Mills,70,604,1,20,Valid
44267233,Lauren Smith,63,847,0,0,Valid
48217896,Tanya Juarez,22,452,3,110,Valid
33121250,Jeff Wiggins,81,671,0,0,Valid
15799382,Shelley Robinson MD,23,777,0,20,Valid
34267402,Latoya Jackson,27,602,1,20,Valid
94398197,Emily Horne,49,364,3,90,Valid
91364322,Andrea Weaver,66,578,0,30,Valid
53474505,James Williams,76,417,0,30,Valid
72924582,David Allen,85,781,0,0,Valid
33494049,Cory Peters,68,761,1,20,Valid
67832791,Lawrence Wright,65,356,0,30,Valid
98972103,Sean Welch,78,684,1,20,Valid
73514460,Rachel Richardson,50,391,0,30,Valid
32022119,Kyle Anderson,71,315,0,30,Valid
34493209,James Lewis,20,831,1,40,Valid
58998416,Reginald Short,60,637,0,0,Valid
48099472,Jennifer Rose,38,734,0,0,Valid
98152603,Timothy Lawrence,79,742,0,0,Valid
44537773,Michael Garrison,39,761,0,0,Valid
24655828,Carol Walsh,66,438,0,30,Valid
25670788,Christine Smith,78,692,0,0,Valid
55549073,Dr. Tanya Stewart,43,573,0,30,Valid
3625697,Nicholas Foley,58,574,0,30,Valid
3938069,Barbara Torres,64,338,1,50,Valid
27112518,Shane Evans,35,606,0,0,Valid
33295195,Anthony Harvey,70,414,0,30,Valid
12380900,Ashley Thompson,22,374,0,50,Valid
13793586,Gregory Stewart,80,626,1,20,Valid
32486261,Deborah Sullivan,52,743,3,60,Valid
75379542,Jerry Bryant,21,635,0,20,Valid
34941096,Victoria Lindsey,85,837,2,40,Valid
18443008,Louis Bowen,42,617,1,20,Valid
65211166,Kerri Terry,81,744,0,0,Valid
26637804,Reginald Fowler,85,749,0,0,Valid
72570553,Heather Phillips,89,654,1,20,Valid
52501325,Anthony Rice,20,799,0,20,Valid
5132460,Nancy Thornton,88,526,1,50,Valid
31667583,Christine Smith,83,408,0,30,Valid
24299214,Tanya Calderon DDS,58,721,0,0,Valid
36440130,Monique Hall,70,842,0,0,Valid
17074742,Gregory Walker,80,534,0,30,Valid
31335302,Marie Walters,36,596,0,30,Valid
52097674,Chelsea Johnson,50,530,2,70,Valid
63963516,Ana Wright,86,686,0,0,Valid
25911985,Kimberly Rodriguez,52,612,0,0,Valid
58020907,Maureen Olsen,59,329,0,30,Valid
94639517,Brian Sexton,23,301,0,50,Valid
15881121,Karen Cruz,65,444,1,50,Valid
89535095,Lawrence Torres,22,538,0,50,Valid
98815811,Alexis Lee,65,559,0,30,Valid
74386949,Austin Burns,47,375,3,90,Valid
2293066,Mary Fleming,33,563,1,50,Valid
27638208,Matthew Dunn,32,417,2,70,Valid
81278338,Brandon Johnson,19,625,0,20,Valid
52482542,Hannah Hahn,56,557,1,50,Valid
87779309,Gabriel Anderson,29,824,1,20,Valid
22410649,Robert Marshall,32,374,0,30,Valid
61004597,Angela Salas,88,380,0,30,Valid
93396452,Brian Williams,89,609,3,60,Valid
94537760,Jacob Gregory,59,537,1,50,Valid
34959798,Bobby Gonzalez,48,551,0,30,Valid
27869807,Heather Harrington,18,721,0,20,Valid
11374494,Andrew Marshall,45,729,0,0,Valid
26865346,Kara Chapman,59,593,1,50,Valid
72760322,Nathan Smith,44,710,0,0,Valid
15567192,Sarah Miranda,77,743,0,0,Valid
10848331,Benjamin Ponce,34,788,0,0,Valid
68357675,Caitlin Rodriguez,52,791,0,0,Valid
26033844,Matthew Green,23,310,0,50,Valid
6015906,Jacob Guerrero,34,604,0,0,Valid
35704629,Sarah Willis,27,366,0,30,Valid
34123798,Joseph Moore,84,424,0,30,Valid
30581353,Kimberly Ali,70,493,0,30,Valid
39797416,Shannon Morrison,53,507,0,30,Valid
77823522,Carrie Farrell,78,799,3,60,Valid
79328732,Erin Garcia,89,748,1,20,Valid
26226610,Travis Stanley,45,598,1,50,Valid
86462240,Douglas Stokes,31,689,3,60,Valid
36829901,Regina Smith,89,369,1,50,Valid
93550111,Amanda Robertson,52,749,0,0,Valid
35770057,Anne Johnson,73,793,0,0,Valid
79225897,Reginald Armstrong,41,460,0,30,Valid
14555646,Matthew Vaughn,80,583,0,30,Valid
28795822,Michael Allen,55,433,0,30,Valid
23019595,Nicholas Mcclure,49,614,0,0,Valid
18884571,Austin Smith,33,417,2,70,Valid
26399623,Lisa Gonzalez,47,598,2,70,Valid
82289478,Andrew Palmer MD,88,627,0,0,Valid
58821850,Glen Branch,21,592,0,50,Valid
72852004,April Williamson,82,509,0,30,Valid
79692469,Christine Arnold,33,503,0,30,Valid
67728949,Carolyn Carroll,42,759,0,0,Valid
24847042,Robert Pena,65,633,0,0,Valid
99547801,Amy Clark,30,696,0,0,Valid
83703603,Samuel Morrison,77,702,0,0,Valid
39154052,Luis Edwards,45,480,0,30,Valid
60247227,Teresa Bauer,34,354,1,50,Valid
99542082,Samuel Huerta,82,600,0,0,Valid
84034269,Wanda Donaldson,23,546,0,50,Valid
15620122,Sheri Collins,87,784,0,0,Valid
34685499,Justin Perkins,47,570,0,30,Valid
44431920,Joel Morris,44,512,1,50,Valid
14690205,Bradley Esparza,32,848,1,20,Valid
28156715,Robert Lopez,58,754,3,60,Valid
54525677,Jenna Giles,21,689,0,20,Valid
36480027,Richard Travis,59,520,0,30,Valid
52609234,Jade Odom,48,829,0,0,Valid
80726086,Beth Mclean,76,338,1,50,Valid
1167330,Victoria Joseph,23,759,1,40,Valid
87801123,Andrea Frey,82,394,3,90,Valid
22062745,Robin Brown,82,523,0,30,Valid
85613758,Pam Skinner,82,513,1,50,Valid
7254077,Laura Costa,47,807,0,0,Valid
14743722,Wendy Ryan,73,571,0,30,Valid
85806868,Manuel Thomas,38,822,1,20,Valid
68633543,Margaret Bauer,83,822,1,20,Valid
60011434,Robert Rogers,85,531,3,90,Valid
46070663,Antonio Nelson,63,542,3,90,Valid
18358709,Jennifer Sanchez,34,335,3,90,Valid
12556847,David Castillo,42,730,0,0,Valid
24380071,Brian Stewart,56,730,0,0,Valid
46807519,Jesse Arroyo,41,420,0,30,Valid
41502240,Courtney Fuentes,89,569,0,30,Valid
71091754,Michael Williams,29,799,0,0,Valid
50276334,Ashley Cardenas,42,336,0,30,Valid
9205976,David Rogers,44,312,1,50,Valid
65183211,Robin Delgado,47,714,0,0,Valid
23543393,Roger Lee,57,538,0,30,Valid
81915510,Thomas Kelly,67,793,0,0,Valid
12204357,Joseph Johns,70,611,0,0,Valid
36515301,Jordan Blair,68,595,1,50,Valid
15617341,Theresa Newman,28,681,0,0,Valid
21248656,Frederick Garza,77,621,0,0,Valid
78205569,Aaron Harris,25,345,0,30,Valid
69451971,Sara Cervantes,20,383,0,50,Valid
37208149,Phillip Koch,27,486,0,30,Valid
99937842,Darren Stokes,68,364,0,30,Valid
57950904,Elizabeth Clayton,56,304,0,30,Valid
53229160,Elizabeth Smith,53,656,1,20,Valid
30469103,Caleb Obrien,19,838,0,20,Valid
22708806,Andrew Carter,87,778,0,0,Valid
6578401,Cheyenne Long,57,485,0,30,Valid
36943542,Stephen Higgins,64,652,0,0,Valid
76165179,Brooke Blanchard,87,628,1,20,Valid
23925805,Carolyn Burton,83,405,3,90,Valid
51471407,Andrea Johnson,31,475,0,30,Valid
56266740,Abigail Hickman,87,413,0,30,Valid
12331892,Amy Fisher,49,475,0,30,Valid
36045665,Aaron Hensley,65,573,0,30,Valid
85905555,Chase May,67,845,0,0,Valid
34434507,Kaitlin Miller,46,671,0,0,Valid
86388958,Melissa Murray,34,551,0,30,Valid
60221013,Tyler Carter,23,521,1,70,Valid
24718285,Mike Munoz,65,446,0,30,Valid
27917871,Anthony Miller MD,57,331,3,90,Valid
2884500,Michael Velez,81,418,0,30,Valid
28758956,Gerald Vaughn,20,397,1,70,Valid
63815401,Mathew Hunt,58,467,1,50,Valid
68968772,Kerry Brooks,41,512,0,30,Valid
48175097,Edward Martin,89,623,0,0,Valid
40556863,Daniel White,28,793,0,0,Valid
56240775,Christopher Rodriguez,19,639,1,40,Valid
51481052,Rebecca Gonzalez,50,513,0,30,Valid
13964430,Aaron Pruitt,88,726,0,0,Valid
58744516,Mr. Samuel Snyder,33,441,0,30,Valid
20706011,Lindsay Lucero,74,487,1,50,Valid
54564613,Phillip Santos,46,497,0,30,Valid
15654930,Jennifer Ramirez,72,726,0,0,Valid
70460845,Amber Blankenship,48,317,0,30,Valid
35367035,Elizabeth Khan,88,776,0,0,Valid
93461660,Johnny Morris,20,333,0,50,Valid
77620941,Martin Keller,82,405,0,30,Valid
73927918,Tiffany Summers,19,663,0,20,Valid
55373139,Kimberly Molina,30,484,0,30,Valid
55253859,Joy Henderson,46,389,0,30,Valid
5488333,Amber Lewis,18,809,0,20,Valid
96713117,Jason Peterson,81,459,0,30,Valid
39473470,Laura Turner,36,622,0,0,Valid
37007511,Sarah Morales,55,326,0,30,Valid
95964089,Mr. Robert Smith,82,431,0,30,Valid
9741107,Debra Jones,54,385,0,30,Valid
29313251,Bradley George,44,601,0,0,Valid
94753837,Earl Hall,80,550,0,30,Valid
79200673,Linda Johnston,56,595,0,30,Valid
86753913,Ashley Osborn,66,504,1,50,Valid
13193181,Mr. Vincent Strickland Jr.,75,319,0,30,Valid
34929174,Jeff Coleman,68,819,0,0,Valid
98372269,Steven Nunez,78,659,0,0,Valid
43028360,Ryan Cole,46,310,0,30,Valid
24429758,Mark Moore,64,768,1,20,Valid
24799739,Karen Melton,85,480,0,30,Valid
96391961,Alexandra Walker,38,686,0,0,Valid
84742589,Richard Wallace,19,548,2,90,Valid
57461490,Daniel Pearson,58,433,1,50,Valid
82149906,Tony Wilson,85,409,0,30,Valid
23138495,Eric Jones,37,637,0,0,Valid
45471976,John Johnson,86,612,0,0,Valid
37022301,Bryan Lewis,76,715,0,0,Valid
44417767,John Martin,45,835,0,0,Valid
35793344,Holly Armstrong,72,525,2,70,Valid
62728843,Sean Singh,33,686,0,0,Valid
91444003,John Bowen,44,630,0,0,Valid
68919822,Jonathan Russo,34,349,0,30,Valid
84824254,Teresa Marshall,78,499,0,30,Valid
76544622,James Chavez,41,699,0,0,Valid
49990251,William Bradley,43,697,1,20,Valid
84958860,Shannon Benjamin,89,500,0,30,Valid
28463733,Diane Lopez,74,376,0,30,Valid
17391331,Debbie Juarez,86,592,0,30,Valid
63977230,April Mckinney,64,343,1,50,Valid
12313402,Jacob Williams,48,302,0,30,Valid
73882072,Ronald Williams,61,802,0,0,Valid
45628743,Thomas Underwood,89,541,0,30,Valid
48101055,Amber Case,43,680,0,0,Valid
14527037,Brendan Singleton,31,830,1,20,Valid
49932506,Richard Wilkerson,49,818,0,0,Valid
60452323,Linda Vasquez,67,497,0,30,Valid
56725020,Christopher Allen,36,447,1,50,Valid
13579808,Debra Davis,38,389,2,70,Valid
92395247,Danielle Michael,63,561,0,30,Valid
93894266,Mrs. Christine Hicks,62,494,0,30,Valid
98971546,Bryan Walsh,29,683,1,20,Valid
76820414,Savannah Stewart,70,389,3,90,Valid
85600851,Heidi Alvarez,76,654,0,0,Valid
88192902,Jordan Montoya,58,530,0,30,Valid
83631030,William Patel,66,739,0,0,Valid
5436066,Samantha Hanson,37,763,0,0,Valid
45231518,Heather Duke,62,460,0,30,Valid
78151463,Seth Lopez,24,664,0,20,Valid
1035170,David Jackson,42,845,0,0,Valid
90301914,Michael Garcia,81,370,0,30,Valid
91914045,Anna Maxwell,77,553,1,50,Valid
50552508,Lauren Mayo,62,660,0,0,Valid
98090417,Heather Mathis,36,351,2,70,Valid
64764727,Alexander Estrada,53,800,0,0,Valid
14522914,Latoya Daniel,23,618,0,20,Valid
12644225,Andrew Murphy,49,307,0,30,Valid
79921109,Fred Horn,40,342,0,30,Valid
79030322,John Barber,47,838,1,20,Valid
83716903,Linda Jones,41,411,0,30,Valid
32588916,Laura Gallagher,67,687,0,0,Valid
75973819,Amber Robbins,58,694,0,0,Valid
81728915,Richard Mendoza,64,791,0,0,Valid
47027907,Julie Dawson,89,736,0,0,Valid
94692079,Michael Martinez,67,320,3,90,Valid
23952861,Sandra Pace,24,376,0,50,Valid
33375682,Tabitha Hart,55,763,0,0,Valid
38706815,John Johnson,72,458,0,30,Valid
68106342,Joshua Murphy,49,745,0,0,Valid
54863348,Jeff Chavez,69,440,0,30,Valid
66706350,Andrew Campos,45,334,0,30,Valid
51912319,Mark Hill Jr.,51,440,0,30,Valid
79645769,Chad Pacheco,39,414,0,30,Valid
87071360,Edward Johnson,84,748,0,0,Valid
38040175,Jessica Harper,28,711,0,0,Valid
31847861,Adam Brown,39,346,0,30,Valid
16114013,Felicia Johnson,52,787,2,40,Valid
20221482,Kellie Palmer,50,399,1,50,Valid
41662563,Stephen Stark,33,384,0,30,Valid
68867114,Edward Juarez,81,447,1,50,Valid
91802545,Kristine Davis,30,765,0,0,Valid
43214121,Joshua Webb,26,710,0,0,Valid
31564318,Evan Kelley,19,473,3,110,Valid
93503249,John Houston,23,673,0,20,Valid
1732875,Jesus Brown,81,745,0,0,Valid
59514779,Austin Smith,38,504,1,50,Valid
78148857,Christopher Nelson,65,441,0,30,Valid
28909989,Matthew Washington,18,420,1,70,Valid
40600395,Pamela Davis,52,560,0,30,Valid
19500280,James Moody,49,842,0,0,Valid
31925593,Michael Owen,31,601,0,0,Valid
61627237,Kayla Lynch,54,603,0,0,Valid
54114617,Jennifer Shaffer,41,848,1,20,Valid
34532290,Jason Leblanc,62,452,0,30,Valid
39843625,Judith Brooks,32,469,0,30,Valid
58723724,Garrett Hendrix,18,447,1,70,Valid
15382342,Joseph Byrd,67,520,0,30,Valid
96788008,Victor Foster,71,666,3,60,Valid
20185515,Erica Ward,19,327,1,70,Valid
88762424,Sierra Allison,57,772,0,0,Valid
79446766,Marissa Gonzalez,38,760,0,0,Valid
92398803,Angela Walsh,77,626,0,0,Valid
59110602,Randall Golden,56,393,0,30,Valid
56027351,Emily Acosta,52,307,0,30,Valid
72773077,Crystal Bradshaw,60,665,0,0,Valid
21008306,Francisco Johnson,35,495,3,90,Valid
12968650,Michael Palmer,64,733,0,0,Valid
49724386,Drew Williams,61,426,0,30,Valid
97085364,Amanda Reeves,82,826,0,0,Valid
77935061,Rebecca Gomez,51,397,0,30,Valid
29641154,Veronica Evans,46,668,1,20,Valid
35834319,Robert Sanchez,78,321,0,30,Valid
15141370,Sean Martinez,86,413,1,50,Valid
55928909,David Rodriguez,69,511,0,30,Valid
23036196,Elizabeth Mcneil,88,574,0,30,Valid
55024056,Tabitha Wright,80,344,0,30,Valid
2062307,April Davis,26,451,0,30,Valid
47302654,Susan Boyd,44,743,0,0,Valid
59668542,Gregory Mcdonald,18,546,0,50,Valid
56092910,Sabrina Lamb,69,486,2,70,Valid
1867006,Tiffany Daniels,74,791,0,0,Valid
24073423,Isabel Pearson,65,618,1,20,Valid
80320791,Jessica Hunt,39,505,1,50,Valid
96467328,Jacqueline Sawyer,59,330,0,30,Valid
90579006,Lori Rodriguez,79,837,0,0,Valid
76248846,Christina Lopez,88,777,0,0,Valid
25016034,Michael Johnson,75,487,0,30,Valid
59649110,Hannah Rodriguez,56,714,0,0,Valid
54400913,Jeffrey Rasmussen,22,360,0,50,Valid
98363111,Shawn Baldwin,89,778,1,20,Valid
56355479,Logan Miller,43,495,0,30,Valid
88604853,Renee Munoz,39,637,0,0,Valid
5821156,Lindsay Chandler,77,713,0,0,Valid
47248357,Margaret Bolton,69,395,0,30,Valid
32114544,Rebekah Hudson,28,547,0,30,Valid
24984871,Craig Campbell,52,446,0,30,Valid
50025671,Arthur Larsen,18,707,0,20,Valid
21596881,Richard Jackson,20,735,1,40,Valid
54529261,Ronald Robinson,34,323,0,30,Valid
11101133,Ethan Atkinson,48,319,2,70,Valid
15526320,Kristin Phillips,56,823,0,0,Valid
19946043,Donna Jones,23,699,0,20,Valid
54854469,Kirk Byrd,30,719,0,0,Valid
27567867,Kelly Shah,61,484,2,70,Valid
460167,Scott Matthews,63,679,0,0,Valid
13438781,Elizabeth Burton,59,612,0,0,Valid
50031692,Stephanie Brown,27,359,0,30,Valid
67286399,Lynn Campbell,38,842,0,0,Valid
20782453,Daniel Carrillo,62,366,0,30,Valid
11707927,Mark Everett,33,351,2,70,Valid
27296020,Christian Jones,33,835,1,20,Valid
33166204,Ashley Jones MD,81,365,0,30,Valid
16016216,Matthew Foster,77,497,0,30,Valid
37336127,Kathleen Santiago,24,433,0,50,Valid
32969485,Sara Mueller,47,705,0,0,Valid
3987240,Timothy Boyle,35,587,0,30,Valid
31625855,James Wilkins,53,301,0,30,Valid
49231840,Jaime Howell,34,584,1,50,Valid
30882734,Robert Kelley,49,754,0,0,Valid
16360593,Mrs. Sheila Rodriguez,78,433,0,30,Valid
98387133,Robert Ellis,30,620,0,0,Valid
29135087,Dr. Karen Cole,43,739,0,0,Valid
26958550,Amanda Walker,70,761,0,0,Valid
71621479,Diana Lopez,53,507,0,30,Valid
20949478,Daniel Khan,56,828,0,0,Valid
96763278,Joseph Dougherty,43,501,0,30,Valid
55251448,Cynthia Hall,83,382,0,30,Valid
50943383,Lucas Sparks,54,775,0,0,Valid
64787903,Matthew Cameron,27,401,0,30,Valid
10594422,Candace Pugh,59,574,1,50,Valid
99627138,Miranda Martinez,64,519,1,50,Valid
41663219,Kimberly Lopez,40,700,0,0,Valid
76501763,David Watson,42,373,0,30,Valid
95301549,Bryan Lowery II,78,407,1,50,Valid
39194867,Keith Salazar,64,537,0,30,Valid
66082474,Allison Dalton,83,751,0,0,Valid
72672879,Jeffrey Carlson,77,433,1,50,Valid
71982283,Walter Diaz,39,409,0,30,Valid
70093439,Dawn Hogan,34,372,0,30,Valid
10802027,Debra Armstrong,35,327,0,30,Valid
91750164,Kevin Johnson,40,810,0,0,Valid
59470394,Bradley White,62,572,0,30,Valid
84419183,Brittney Dixon,79,442,0,30,Valid
54234267,Christina Briggs,82,671,0,0,Valid
31455003,Christopher Johnson,36,669,2,40,Valid
7687540,Melissa Jones,42,709,1,20,Valid
47953773,Wendy Medina,18,750,0,20,Valid
59474735,Jessica Turner,75,350,1,50,Valid
18910935,Lauren Graves,50,775,0,0,Valid
53802765,Samantha Kline,20,839,3,80,Valid
1005825,Deanna Martin,23,717,0,20,Valid
94127641,Suzanne Robinson,42,306,2,70,Valid
81141673,Lisa Price,72,825,0,0,Valid
31026963,Laura Rodriguez,33,709,0,0,Valid
66574,Jessica Adams,59,776,0,0,Valid
58612808,Brandon Pham Jr.,87,620,0,0,Valid
84899673,Amy Campbell,38,565,0,30,Valid
1955029,Brooke Dunn,68,593,0,30,Valid
54806405,Kelly Hawkins,88,569,3,90,Valid
93710470,James Gordon,59,642,0,0,Valid
38205141,Jose Smith,25,749,0,0,Valid
64671892,Dana Nolan,26,555,0,30,Valid
19515256,Alexandria Lopez,45,519,0,30,Valid
43085170,Julie Campos,70,416,0,30,Valid
56955189,Sean Adkins,27,700,1,20,Valid
17423730,Henry Johnson,54,318,1,50,Valid
42310476,Lauren Nicholson,58,460,1,50,Valid
23163873,Lisa Black,86,616,0,0,Valid
95715657,Heidi Gonzales,35,687,3,60,Valid
27217495,Ronald Miller,75,301,0,30,Valid
80794278,Rachel Erickson,62,651,0,0,Valid
83886254,Christie Delgado,64,374,0,30,Valid
77661037,Julian Byrd,19,680,0,20,Valid
68970111,Brenda Clark,36,358,0,30,Valid
83790324,Kristen Alvarado,72,556,0,30,Valid
50847798,Melissa Zuniga,72,433,0,30,Valid
33621934,Lindsay Rodriguez,87,589,1,50,Valid
61228481,Michael Coleman,65,586,0,30,Valid
34399749,Gary Sellers,78,834,0,0,Valid
15669135,Jasmine Gates DVM,88,787,0,0,Valid
28757106,Catherine Branch,47,554,0,30,Valid
83948989,Dana Franklin,66,564,0,30,Valid
60207350,John Reyes,18,737,0,20,Valid
46213471,Brittany Frazier,39,682,0,0,Valid
99285866,Karina Brown,36,717,0,0,Valid
34456410,Brittany Robbins,47,627,0,0,Valid
46607311,Pamela White,36,338,0,30,Valid
76208645,Jennifer Moreno,67,756,0,0,Valid
2632354,Robert Nicholson,23,757,3,80,Valid
23253298,Carmen Manning,83,367,3,90,Valid
42583501,Robin Thomas,21,527,0,50,Valid
38643420,Travis Gonzalez,37,354,0,30,Valid
54440787,Jeremy Olson,52,721,0,0,Valid
75020149,Rachael Armstrong,64,583,1,50,Valid
85949297,Ryan Warren,23,334,0,50,Valid
21333277,Kyle Murray,54,509,0,30,Valid
63122955,Christopher Sandoval,63,328,0,30,Valid
41413342,Diane Davis,67,403,0,30,Valid
922136,Anthony Porter,71,374,0,30,Valid
46292379,Erin Foster,34,641,0,0,Valid
24099976,Mrs. Tiffany Reed,83,794,0,0,Valid
86506904,William Johnson,63,395,1,50,Valid
65505718,Amy Taylor,52,744,1,20,Valid
77526675,Wanda Ball,38,438,0,30,Valid
43010895,Philip Jones,51,676,2,40,Valid
25186003,Lori Jackson,42,301,0,30,Valid
10531569,Casey Chang,89,427,0,30,Valid
93685490,Amy Howard,67,599,2,70,Valid
66050829,Kristen Henry,81,502,1,50,Valid
35786175,Kimberly Stevens,18,642,0,20,Valid
22367392,Emily Wilkins,54,535,0,30,Valid
78730870,Kevin Lindsey,32,687,0,0,Valid
57182332,Dennis Mcclure,26,450,0,30,Valid
83167897,Denise Mcknight,61,383,0,30,Valid
25065631,David Fischer,89,814,0,0,Valid
64260800,Whitney Martinez,84,413,1,50,Valid
46606449,Adam Henderson,20,613,0,20,Valid
92549366,Amy Rocha,66,452,0,30,Valid
26980141,Christine Graham,29,585,3,90,Valid
52493803,Jill Anderson,85,709,1,20,Valid
2197526,Michael Rose,46,659,0,0,Valid
84381409,Sherry Jacobs,35,348,0,30,Valid
77753044,Amy Johnson,73,452,0,30,Valid
79149349,Alexis Schneider,66,308,1,50,Valid
18077515,Peter Bonilla,89,806,0,0,Valid
42421116,Gary Roberts,76,835,2,40,Valid
43084211,Alicia Hamilton,27,713,2,40,Valid
75014768,James Lowe,35,456,0,30,Valid
36303931,Christopher Jordan,70,715,0,0,Valid
78864261,Heather Hernandez,32,441,1,50,Valid
28503148,Justin Fleming,77,736,1,20,Valid
70322052,Matthew Price,84,481,0,30,Valid
32739906,Mary Franco,59,782,1,20,Valid
72795233,Elizabeth Black,86,545,0,30,Valid
70584581,Amanda Eaton,55,636,3,60,Valid
2200480,Kelsey Hansen,80,825,3,60,Valid
59333298,Robin Wallace,42,304,0,30,Valid
50918582,Tiffany Townsend,59,568,0,30,Valid
28784446,Victoria Fisher,49,610,0,0,Valid
84875814,Robert Jones,81,507,2,70,Valid
66766574,Mandy Proctor,89,836,0,0,Valid
25786947,Gary Parker,39,337,3,90,Valid
96212612,Natasha Collins,51,760,0,0,Valid
67396129,Eileen Armstrong,80,387,1,50,Valid
52730169,Michael Green,52,841,0,0,Valid
82937083,Theresa Munoz,25,390,0,30,Valid
22539439,Gwendolyn Jacobs,83,683,0,0,Valid
64964273,Jessica Conley,86,781,3,60,Valid
66940777,Sarah Rojas,49,651,0,0,Valid
50811904,Jonathan Orr,31,536,0,30,Valid
47020791,Stephanie Henderson,45,326,1,50,Valid
75441622,Jeffery Hanna,61,345,0,30,Valid
47037603,Barry Cabrera,70,527,1,50,Valid
41680840,Pedro Morris,79,363,0,30,Valid
83617989,David Hamilton,88,354,1,50,Valid
20298833,Jason Mcgee,54,636,0,0,Valid
34500242,Kathryn Carney,81,745,0,0,Valid
21377281,Daniel Hill,18,321,0,50,Valid
46645351,Ryan Coleman,43,583,0,30,Valid
66354046,Marc Gamble,64,435,0,30,Valid
6772311,Jeffery Hunter,43,371,1,50,Valid
70967813,Leslie Gonzalez,60,675,1,20,Valid
16775223,Diane Ward,72,423,0,30,Valid
35901638,Kevin Smith,34,458,1,50,Valid
14328741,Diane Mcintosh,22,600,0,20,Valid
28801672,Karen Moore,18,625,1,40,Valid
23173163,Jared Swanson,25,550,0,30,Valid
55753312,Kelly Duncan,58,492,0,30,Valid
53552850,Charles Wyatt,27,363,1,50,Valid
1210661,David Smith,73,321,0,30,Valid
73180002,Samuel Miller,73,708,0,0,Valid
17365742,Nancy Brown,77,358,0,30,Valid
35638688,Gina Mcguire,68,573,3,90,Valid
9767253,Jennifer Hernandez,42,423,0,30,Valid
3539018,Stephanie Cruz,55,686,0,0,Valid
13808541,Megan Smith,27,840,0,0,Valid
50343961,Larry Parker,50,386,0,30,Valid
21493688,Michael Stephenson,89,815,0,0,Valid
2387958,Rita Harris,69,704,0,0,Valid
36828605,Kenneth Rivera,57,677,0,0,Valid
29950189,Paula Bailey,36,699,0,0,Valid
86599065,Elizabeth Higgins,30,502,0,30,Valid
76356239,Paige Reid,56,751,0,0,Valid
56063007,Michele Mcdaniel,63,434,0,30,Valid
89590532,Theresa Rodriguez,54,437,0,30,Valid
26367632,Sarah Morales,43,415,0,30,Valid
7297760,Christopher Rodriguez,81,835,0,0,Valid
53565408,Eric Hooper Jr.,74,461,1,50,Valid
89626196,Heather Gray,34,816,1,20,Valid
75879769,Lisa Mann,23,746,1,40,Valid
17649008,Melanie Cunningham,61,826,1,20,Valid
99876725,Phillip Rose,74,483,0,30,Valid
11094144,Richard Rios,68,735,1,20,Valid
4145170,Sara Abbott,71,470,0,30,Valid
37590788,Sarah Ewing,57,684,0,0,Valid
16678703,Amy Barrera,40,552,0,30,Valid
31840661,Adam Richards,81,344,0,30,Valid
83760019,Sherri Molina,64,517,0,30,Valid
17060212,Paula Parker,62,681,0,0,Valid
39175845,Dominic Howard,27,333,0,30,Valid
75747576,Judy Hernandez,26,379,0,30,Valid
48878413,Calvin Kelly,38,321,1,50,Valid
26602911,Raymond Romero,52,446,0,30,Valid
20578418,Amanda Nash,69,472,1,50,Valid
69345205,Christine Evans,76,463,0,30,Valid
25013853,Robert Jones,60,576,0,30,Valid
96284548,Olivia Blackburn,73,707,0,0,Valid
34590448,Sandy Olson,77,393,0,30,Valid
66405412,Francis Oconnor,68,847,0,0,Valid
7301187,Terry Burns,25,706,0,0,Valid
88382472,Jennifer Shaw,19,655,2,60,Valid
68467272,Justin Jones,62,796,0,0,Valid
60521393,Annette Johnson,20,498,0,50,Valid
21887365,Kenneth Thomas,76,541,0,30,Valid
79223558,Joyce Lynch,27,717,0,0,Valid
12747304,Mark Davis,70,460,0,30,Valid
17166496,John Roy,22,803,0,20,Valid
44011218,Jennifer Roach,57,412,2,70,Valid
64789165,Victoria Robinson MD,29,743,0,0,Valid
34745173,William Taylor,75,794,0,0,Valid
49816576,Brandon Roberson,85,825,0,0,Valid
28074395,Steven Randall,32,689,1,20,Valid
31215721,Rickey Zavala Jr.,72,726,1,20,Valid
38166317,Tina Brooks,22,612,1,40,Valid
36642240,Stephanie Hoover,38,518,1,50,Valid
17820187,Sierra Kim,88,469,0,30,Valid
68877416,Christopher Parks,47,617,2,40,Valid
41705682,Peter Gilbert,80,473,0,30,Valid
5913444,Lisa Henderson,73,726,1,20,Valid
25137274,Kristi Sanchez,22,405,1,70,Valid
894508,Alexis Brown,67,597,0,30,Valid
22039778,Miss Laura Cisneros MD,57,322,0,30,Valid
37431167,Thomas Jackson,25,418,0,30,Valid
75301866,Jennifer Stewart,31,430,2,70,Valid
64613905,Gregory Best,20,554,2,90,Valid
64744385,John Powell,75,706,0,0,Valid
70534311,Melissa Thomas,24,586,0,50,Valid
16720408,Vincent Simpson,29,633,2,40,Valid
75042610,Sean Kelly,51,413,1,50,Valid
34032113,Julia Jones,45,681,0,0,Valid
1682173,Victoria Moss,24,657,1,40,Valid
50209869,Kristen Green,33,596,0,30,Valid
71312985,Ryan Phillips,40,734,0,0,Valid
88721608,James Bass,73,560,0,30,Valid
25340285,Tracy Johnson,28,674,0,0,Valid
15083352,Justin Blake,18,618,1,40,Valid
79593870,Amy Baker,37,360,0,30,Valid
90372383,Levi Johnson,53,301,0,30,Valid
28943677,Noah Hill,61,592,0,30,Valid
82875303,Austin Henderson,89,556,0,30,Valid
35090375,Christopher Turner,65,754,0,0,Valid
72961562,Cheryl Williamson,53,529,0,30,Valid
1071618,Bradley Gonzalez,57,744,0,0,Valid
94300636,Lee Price,28,569,0,30,Valid
25010077,Michael Houston,88,593,0,30,Valid
6753694,Amy Wright,22,474,2,90,Valid
70317393,Alexandria Jenkins,31,422,0,30,Valid
37238592,Raven Manning,64,318,0,30,Valid
50049741,Gabrielle Peterson,82,822,0,0,Valid
12782560,Wayne Rowland,89,605,0,0,Valid
82087716,Daniel Schmidt,66,704,0,0,Valid
38767590,Michelle Jordan,49,498,0,30,Valid
12364739,Ricardo Young,63,655,0,0,Valid
88937738,Brian Roth,59,594,0,30,Valid
24023322,Kelly Rice,29,337,0,30,Valid
34239797,James Stone,79,491,1,50,Valid
21548100,James Kennedy,54,302,1,50,Valid
39559897,Monica Zimmerman,22,424,1,70,Valid
39553356,Ashley Harper,22,471,0,50,Valid
23072052,Jessica Gutierrez,83,568,0,30,Valid
67796366,Gregory Mata,24,421,0,50,Valid
75317957,Joseph Hayes,63,782,3,60,Valid
17292004,Chelsea Evans,30,552,2,70,Valid
81395121,Amanda Jordan,80,433,0,30,Valid
64520656,Blake Moore,89,455,0,30,Valid
3526145,Laura Holt,24,516,3,110,Valid
87003982,Brian Walls,87,382,0,30,Valid
94085628,Jennifer Evans,70,415,3,90,Valid
85746307,Laura Gibson,35,323,0,30,Valid
39343897,Tracy Carter,40,658,0,0,Valid
90111955,Joseph Reyes,24,365,1,70,Valid
43090826,Theresa Lee,44,815,0,0,Valid
97132416,Timothy Chen PhD,68,677,0,0,Valid
85124292,Brian Braun,52,729,0,0,Valid
90947519,Amy Murray,33,601,0,0,Valid
79991790,Julie Lane,54,811,0,0,Valid
35240245,Daniel Wright,72,523,0,30,Valid
58781356,Anthony Wallace,77,793,0,0,Valid
96044165,Daniel Jackson,65,707,0,0,Valid
70950890,Linda Ray,65,433,0,30,Valid
83991778,Carrie Cruz,28,588,0,30,Valid
12597381,Katherine Long,45,346,0,30,Valid
4727316,Ms. Karen Flores MD,21,504,0,50,Valid
27306186,Amanda Hamilton,47,826,0,0,Valid
46211107,Carol Daniels,25,809,0,0,Valid
75292512,Meghan Fields,82,498,0,30,Valid
5087288,Emily Johnson,62,421,1,50,Valid
77063847,Meghan Morrow MD,33,626,0,0,Valid
19379606,Ryan Wolfe,74,499,0,30,Valid
2848589,Kim Howell,77,807,0,0,Valid
63361995,Carolyn Ferrell,42,558,0,30,Valid
76287017,Lisa Davis,71,325,0,30,Valid
97601660,Elizabeth Silva,75,444,0,30,Valid
29373395,Teresa Carter,41,837,0,0,Valid
81634545,Mary Daniels,24,836,1,40,Valid
46325345,Tara Powell,64,701,1,20,Valid
18672319,Matthew Bautista,73,333,0,30,Valid
80677922,Kevin Reyes,64,374,0,30,Valid
53928812,Mark Gonzalez,56,696,0,0,Valid
6472411,Nicolas Wilson,57,683,1,20,Valid
3985053,Matthew Hoffman,55,381,0,30,Valid
59253504,Jennifer Scott,43,784,2,40,Valid
72031428,Shannon Young,71,612,0,0,Valid
79012396,David Schultz,20,621,1,40,Valid
35760602,Christine Irwin,22,660,0,20,Valid
67889458,Anthony Levine,74,344,0,30,Valid
83570549,Cynthia Knox,83,823,0,0,Valid
20121663,Michael Clark,77,511,0,30,Valid
79498311,Amanda Rodriguez,63,639,0,0,Valid
31688888,Charles Riley,23,694,0,20,Valid
94623738,Tim Neal,67,546,2,70,Valid
54500358,Garrett Ingram,40,489,0,30,Valid
4027489,Robin Silva,81,310,3,90,Valid
67102666,Shirley Lewis,72,572,0,30,Valid
30384888,Richard Hunt,59,393,0,30,Valid
40385762,Stephanie Mcintosh,49,436,1,50,Valid
80471747,Steven Baker,28,522,0,30,Valid
34172001,Cameron Leonard,44,809,0,0,Valid
90302804,Mr. Samuel Booth,53,411,1,50,Valid
33313603,Maureen Day,19,308,0,50,Valid
37123201,Cameron Smith,19,315,3,110,Valid
13484277,Regina Phillips,36,586,0,30,Valid
42073658,Cory Beck,37,577,0,30,Valid
1788677,Brandon Pena,42,806,0,0,Valid
29364607,Nicole Dixon,66,596,0,30,Valid
54258937,Kara Dixon,58,731,1,20,Valid
95736737,William Norman,88,339,0,30,Valid
60252740,James Waller,59,548,0,30,Valid
69040052,Sharon Hunter,30,741,0,0,Valid
14235783,Luke Paul,89,674,0,0,Valid
45190465,Joseph Webb,87,553,0,30,Valid
69572054,Ann Rodriguez,60,600,0,0,Valid
36491613,Lori Lawrence,32,418,0,30,Valid
24569483,Adam Weaver,33,631,1,20,Valid
27039851,Dalton Munoz,58,466,0,30,Valid
64060857,Julie Frank,67,340,3,90,Valid
59588879,Alexander Leach,19,807,0,20,Valid
65712834,Jennifer Gomez,70,407,1,50,Valid
21597515,Fred Trevino,65,701,1,20,Valid
34397737,Robert George,86,585,0,30,Valid
9260629,Brian Spencer,62,349,0,30,Valid
4718600,Collin Mccoy,61,550,0,30,Valid
3686069,Timothy Smith,63,749,0,0,Valid
10437645,Casey Miller,42,793,0,0,Valid
92932897,Mrs. Jill Reed,60,702,1,20,Valid
90988040,John Parker,43,325,0,30,Valid
43646847,Joseph Ball,73,679,1,20,Valid
71614826,Brandy Gonzalez,87,546,0,30,Valid
47099236,Nancy Beck,31,503,0,30,Valid
68940267,Angelica Ball,27,699,0,0,Valid
86463444,Dawn Escobar MD,39,848,0,0,Valid
77889944,Beth Hensley,50,524,1,50,Valid
41265596,Cathy Phillips,87,842,1,20,Valid
98308814,Scott Cooper,18,329,0,50,Valid
51098224,Brandi Bryant,89,327,2,70,Valid
69146655,Steven Jackson,24,726,1,40,Valid
61953462,Patricia Steele,61,681,1,20,Valid
69357135,Grant Carroll,41,812,0,0,Valid
6749919,Michael Martinez,77,530,0,30,Valid
56140587,Valerie Cooper,57,315,0,30,Valid
1076570,Paul Nelson,18,516,0,50,Valid
63474319,Kaitlin Scott,76,697,0,0,Valid
86595436,Paul Schneider,66,798,0,0,Valid
28025520,Kayla Campbell,19,509,0,50,Valid
21300427,Stephanie Nguyen,38,463,0,30,Valid
13116293,Curtis Stevens,37,629,0,0,Valid
64825910,Lauren Davis,66,696,0,0,Valid
81342491,Andrew Elliott,79,810,3,60,Valid
13173639,Jennifer Wiggins,44,769,0,0,Valid
9044933,Kevin Stewart,22,674,3,80,Valid
83414427,Theresa Russo,61,696,1,20,Valid
89018114,James Williamson,77,338,0,30,Valid
34397106,Selena Dominguez,70,771,0,0,Valid
46500241,William Miller,60,666,1,20,Valid
29880750,Gary Green,55,461,0,30,Valid
31271599,Adam Johnson,59,799,2,40,Valid
92560997,Barry Schultz,67,371,0,30,Valid
39475492,Cory Ruiz,44,389,0,30,Valid
19708634,Joshua Odonnell,61,414,0,30,Valid
21030828,Michelle Thompson,86,325,1,50,Valid
87198621,Holly Curtis,74,735,0,0,Valid
86036764,Walter Holt,72,314,1,50,Valid
72507913,Gregory Jones,61,656,0,0,Valid
93597399,Matthew Daniels,18,613,0,20,Valid
9269843,Stephanie Mccoy,45,780,0,0,Valid
70061580,John Wells,51,675,0,0,Valid
33554598,Juan Hernandez,88,646,1,20,Valid
83224088,Wendy Turner,60,384,0,30,Valid
33947044,Matthew Johnson,67,405,0,30,Valid
19700682,Susan Walker,61,512,0,30,Valid
37696607,Joyce Williams,40,391,2,70,Valid
59627379,Christopher Bell,81,803,1,20,Valid
36804765,Richard Medina,32,500,1,50,Valid
34253674,Melinda Lee,52,686,0,0,Valid
49094083,Kenneth Evans,43,642,1,20,Valid
86350107,Deanna Martinez,51,338,1,50,Valid
86248478,Jennifer Barrera,63,728,0,0,Valid
83977495,Christopher Cook,77,526,1,50,Valid
90583020,Emily Ingram,75,567,0,30,Valid
81714656,Matthew Floyd,84,709,0,0,Valid
51304176,Melinda Collier,88,799,1,20,Valid
6137816,Susan Christian,46,584,2,70,Valid
2120206,Miss Jill Gillespie,46,465,0,30,Valid
37581708,Carol Cross,57,515,0,30,Valid
60796003,Michael Ponce,87,495,0,30,Valid
30890397,Kyle Parker,22,780,0,20,Valid
24714603,Sean Stewart,40,536,2,70,Valid
2696626,Isabella Brown,19,354,0,50,Valid
82031749,Christopher Graham,49,362,3,90,Valid
73384137,Samuel Myers,41,832,0,0,Valid
66881130,Christina Rogers,32,727,0,0,Valid
67516853,Amanda Hall,87,489,0,30,Valid
47401870,Patrick Johnson,22,395,0,50,Valid
44521775,Jeffery Gray,25,356,0,30,Valid
90687365,Marc Santos,36,360,0,30,Valid
23119156,Michelle Soto,75,476,0,30,Valid
65332251,Billy Mcclain,47,842,0,0,Valid
40233525,Timothy Diaz,57,621,0,0,Valid
29382318,Victoria Jackson,65,645,0,0,Valid
96690408,Sharon Williams,78,484,0,30,Valid
95141795,Terrance Andrews,19,644,0,20,Valid
50039965,Dr. Mary Moss,75,475,0,30,Valid
60627948,Victoria Velasquez,52,696,1,20,Valid
72201738,Jesse Anderson,69,689,0,0,Valid
79806505,Glenn Burch,44,825,0,0,Valid
18284468,Phyllis Barton,66,597,0,30,Valid
19049855,Mary Grant,27,554,0,30,Valid
53505349,Kathy Pruitt,45,680,0,0,Valid
4944863,Kathy Lopez,50,589,0,30,Valid
49794216,Ashley May,81,539,2,70,Valid
70221944,Bridget Cruz,49,687,0,0,Valid
92957132,Pamela Luna,73,585,0,30,Valid
72879163,Darren Martin,40,568,1,50,Valid
46125810,Stephanie Mcdaniel,74,379,1,50,Valid
30992953,Tara Foster,87,752,0,0,Valid
38833501,Latoya Petersen,23,822,0,20,Valid
40868999,Scott Ramirez,86,406,1,50,Valid
37079847,Patricia Frazier,49,640,1,20,Valid
95641012,Scott Morton,47,695,0,0,Valid
84971357,Kimberly Ray PhD,37,642,0,0,Valid
43121565,Cindy Cook,56,493,0,30,Valid
36428925,Andrea Morris,82,628,1,20,Valid
81683367,Justin Weber,68,726,3,60,Valid
95012640,Tyler Martinez,45,753,0,0,Valid
85689374,Matthew Ramirez,88,744,0,0,Valid
92666413,Brooke Martinez,55,348,0,30,Valid
89982337,Rachel Shannon,64,645,1,20,Valid
36262122,Jordan Conner,23,731,1,40,Valid
2989898,Brian Jimenez,80,427,1,50,Valid
78508330,Sean Kennedy MD,80,574,0,30,Valid
49430549,Roy Mason,75,833,0,0,Valid
9769601,Katherine Salas,65,451,1,50,Valid
65866828,Melissa Pierce,57,664,0,0,Valid
2965002,Abigail Owens,58,327,3,90,Valid
30770038,Todd Martinez,70,756,1,20,Valid
73054113,Marissa Myers,67,806,1,20,Valid
88585750,Crystal Briggs,84,516,0,30,Valid
71938451,Sarah Miller,52,726,0,0,Valid
3720519,Heather Orr,46,424,1,50,Valid
84145781,Eric Kim,65,363,0,30,Valid
43546102,James Adams,58,708,0,0,Valid
75316907,Donna Smith,71,318,2,70,Valid
43541978,Miguel Lopez,34,612,0,0,Valid
47735305,Robert Hess,54,778,0,0,Valid
32056972,Nicole Moyer,88,414,0,30,Valid
82354399,Mary Bryant,47,819,0,0,Valid
75600220,Linda Kim,25,565,0,30,Valid
37961624,Mr. Kevin Sanchez MD,67,468,0,30,Valid
65618166,Donald Thomas,69,763,0,0,Valid
89191683,William Romero,46,418,0,30,Valid
50228345,Ryan Hicks,68,521,1,50,Valid
14030290,Janet Walker,26,645,0,0,Valid
51710073,Roy Roberts,48,798,3,60,Valid
50951011,Albert Michael,68,687,0,0,Valid
99129631,Jennifer Montes,77,641,0,0,Valid
34565804,Katie Garcia,52,819,1,20,Valid
58195647,Larry Baxter,46,803,1,20,Valid
17813266,Patrick Montoya,81,384,2,70,Valid
39868120,Natalie Reid,88,467,0,30,Valid
8537565,Jerry Griffin,50,563,0,30,Valid
7302528,Sergio Lewis,82,624,0,0,Valid
68765349,Benjamin Clay,46,735,0,0,Valid
78649678,Andrew Montgomery,38,410,2,70,Valid
95645445,Kathleen Floyd,36,391,0,30,Valid
43191515,Marcus Schneider,39,463,1,50,Valid
79844682,Latasha Tucker DVM,34,738,0,0,Valid
1218523,Kenneth Nelson,28,377,0,30,Valid
77874486,Alexander Long,71,338,1,50,Valid
91584225,Alyssa Vargas,21,400,1,70,Valid
54770077,Stephanie Mendoza,21,672,1,40,Valid
27686828,Edward Hill,48,786,0,0,Valid
83020009,Cheryl Harrison,33,751,3,60,Valid
27943454,Lisa Jarvis,83,486,0,30,Valid
74038020,Ashley Nguyen,61,623,1,20,Valid
38585246,Amanda Schmidt,61,767,0,0,Valid
46535819,Caitlin Rios,23,308,1,70,Valid
74096620,Brianna Richardson,25,320,0,30,Valid
95003045,Victoria Mendoza,26,489,0,30,Valid
59469811,Mrs. Erica Rivera,43,835,0,0,Valid
45866222,Stephen Morrison,41,466,0,30,Valid
57688800,Katie Bailey,60,354,0,30,Valid
53016783,Hunter Scott,32,844,1,20,Valid
39406182,Brittney Johnson,53,777,0,0,Valid
4756222,Brian Riley,18,600,0,20,Valid
48987018,Amy Hayes,80,493,0,30,Valid
98397182,Karen Atkinson,39,394,0,30,Valid
48262643,Andrea Morris,35,707,0,0,Valid
18250900,Christopher Little,40,579,1,50,Valid
44600863,Amy Ramos,86,341,0,30,Valid
75890193,Regina Sparks,33,826,1,20,Valid
7193824,Steven Rodriguez,81,471,0,30,Valid
29820304,Benjamin Roth,70,374,2,70,Valid
77176623,Aaron Johnson,51,596,0,30,Valid
48371397,Debbie Parsons,45,572,1,50,Valid
18015299,Nicholas Thomas,60,446,0,30,Valid
2532520,Barbara Hall,78,360,0,30,Valid
30990051,James Moody,84,384,0,30,Valid
13560344,Richard Brown,29,494,1,50,Valid
98005670,Autumn Gomez,44,680,1,20,Valid
50003313,William Boyd,50,382,3,90,Valid
3461813,James Estes,38,751,0,0,Valid
61401592,Paul Marshall,86,363,0,30,Valid
10233512,Brittany Thompson,40,757,0,0,Valid
4285543,Danny Sanchez Jr.,50,432,0,30,Valid
63722907,Patricia Wise,40,633,0,0,Valid
34558267,Melanie Myers,57,785,2,40,Valid
29688497,Jason Kennedy,52,314,0,30,Valid
93190018,Charles Murphy,79,811,0,0,Valid
92985836,Michael Smith,52,432,0,30,Valid
63279338,Tracy Mitchell,45,635,0,0,Valid
93941115,Kelly Coleman,80,329,0,30,Valid
79616939,Jason Weiss,34,421,0,30,Valid
96853545,Mark Vazquez,85,598,0,30,Valid
93586243,Andres Brown,57,629,0,0,Valid
16470464,Vanessa Simon,36,690,2,40,Valid
33067851,Taylor Chambers,20,770,0,20,Valid
60418348,Jason White,65,691,0,0,Valid
